,1,2,3,4,5,6,7,8,9,10,11,12,13,14,15,16,17,18,19,20,21,22,23,24,25,26,27,28,29,30,31,32,33,34,35,36,37,38,39,40,41,42,43,44,45,46,47,48,49,50,51,52,53,54,55,56,57,58,59,60,61,62,63,64,65,66,67,68,69,70,71,72,73,74,75,76,77,78,79,80
144,,,,,,,,,,,,,,,,,,,,,,,,,,,,,,,,,,,,,,,,,,,,,,,,,,,,,,,,,,,,,,,,,,,,,,,,,,,,,,,,
143,,,,,,,,,,,,,,,,,,,,,,,,,,,,,,,,,,,,,,,,,,,,,,,,,,,,,,,,,,,,,,,,,,,,,,,,,,,,,,,,
142,,,,,,,,,,,,,,,,,,,,,,,,,,,,,,,,,,,,,,,,,,,,,,,,,,,,,,,,,,,,,,,,,,,,,,,,,,,,,,,,
141,,,,,,,,,,,,,,,,,,,,,,,,,,,,,,,,,,,,,,,,,,,,,,,,,,,,,,,,,,,,,,,,,,,,,,,,,,,,,,,,
140,,,,,,,,,,,,,,,,,,,,,,,,,,,,,,,,,,,,,,,,,,,,,,,,,,,,,,,,,,,,,,,,,,,,,,,,,,,,,,,,
139,,,,,,,,,,,,,,,,,,,,,,,,,,,,,,,,,,,,,,,,,,,,,,,,,,,,,,,,,,,,,,,,,,,,,,,,,,,,,,,,
138,,,,,,,,,,,,,,,,,,,,,,,,,,,,,,,,,,,,,,,,,,,,,,,,,,,,,,,,,,,,,,,,,,,,,,,,,,,,,,,,
137,,,,,,,,,,,,,,,,,,,,,,,,,,,,,,,,,,,,,,,,,,,,,,,,,,,,,,,,,,,,,,,,,,,,,,,,,,,,,,,,
136,,,,,,,,,,,,,,,,,,,,,,,,,,,,,,,,,,,,,,,,,,,,,,,,,,,,,,,,,,,,,,,,,,,,,,,,,,,,,,,,
135,,,,,,,,,,,,,,,,,,,,,,,,,,,,,,,,,,,,,,,,,,,,,,,,,,,,,,,,,,,,,,,,,,,,,,,,,,,,,,,,
134,,,,,,,,,,,,,,,,,,,,,,,,,,,,,,,,,,,,,,,,,,,,,,,,,,,,,,,,,,,,,,,,,,,,,,,,,,,,,,,,
133,,,,,,,,,,,,,,,,,,,,,,,,,,,,,,,,,,,,,,,,,,,,,,,,,,,,,,,,,,,,,,,,,,,,,,,,,,,,,,,,
132,,,,,,,,,,,,,,,,,,,,,,,,,,,,,,,,,,,,,,,,,,,,,,,,,,,,,,,,,,,,,,,,,,,,,,,,,,,,,,,,
131,,,,,,,,,,,,,,,,,,,,,,,,,,,,,,,,,,,,,,,,,,,,,,,,,,,,,,,,,,,,,,,,,,,,,,,,,,,,,,,,
130,,,,,,,,,,,,,,,,,,,,,,,,,,,,,,,,,,,,,,,,,,,,,,,,,,,,,,,,,,,,,,,,,,,,,,,,,,,,,,,,
129,,,,,,,,,,,,,,,,,,,,,,,,,,,,,,,,,,,,,,,,,,,,,,,,,,,,,,,,,,,,,,,,,,,,,,,,,,,,,,,,
128,,,,,,,,,,,,,,,,,,,,,,,,,,,,,,,,,,,,,,,,,,,,,,,,,,,,,,,,,,,,,,,,,,,,,,,,,,,,,,,,-7.855384902
127,,,,,,,,,,,,,,,,,,,,,,,,,,,,,,,,,,,,,,,,,,,,,,,,,,,,,,,,,,,,,,,,,,,,,,,,,,,,,,,,-7.869403288
126,,,,,,,,,,,,,,,,,,,,,,,,,,,,,,,,,,,,,,,,,,,,,,,,,,,,,,,,,,,,,,,,,,,,,,,,,,,,,,,-7.884562637,-7.891360202
125,,,,,,,,,,,,,,,,,,,,,,,,,,,,,,,,,,,,,,,,,,,,,,,,,,,,,,,,,,,,,,,,,,,,,,,,,,,,,,,-7.892242567,-7.89694774
124,,,,,,,,,,,,,,,,,,,,,,,,,,,,,,,,,,,,,,,,,,,,,,,,,,,,,,,,,,,,,,,,,,,,,,,,,,,,,,-7.903231937,-7.903098022,-7.907798229
123,,,,,,,,,,,,,,,,,,,,,,,,,,,,,,,,,,,,,,,,,,,,,,,,,,,,,,,,,,,,,,,,,,,,,,,,,,,,,,-7.908060234,-7.908378029,-7.909731654
122,,,,,,,,,,,,,,,,,,,,,,,,,,,,,,,,,,,,,,,,,,,,,,,,,,,,,,,,,,,,,,,,,,,,,,,,,,,,,-7.913465302,-7.921500121,-7.917449574,-7.91913815
121,,,,,,,,,,,,,,,,,,,,,,,,,,,,,,,,,,,,,,,,,,,,,,,,,,,,,,,,,,,,,,,,,,,,,,,,,,,,,-7.919671391,-7.924614813,-7.92087021,-7.919855356
120,,,,,,,,,,,,,,,,,,,,,,,,,,,,,,,,,,,,,,,,,,,,,,,,,,,,,,,,,,,,,,,,,,,,,,,,,,,,-7.934578171,-7.931334193,-7.936499458,-7.929260216,-7.928215618
119,,,,,,,,,,,,,,,,,,,,,,,,,,,,,,,,,,,,,,,,,,,,,,,,,,,,,,,,,,,,,,,,,,,,,,,,,,,,-7.940924303,-7.936491565,-7.938325003,-7.930897985,-7.92760569
118,,,,,,,,,,,,,,,,,,,,,,,,,,,,,,,,,,,,,,,,,,,,,,,,,,,,,,,,,,,,,,,,,,,,,,,,,,,,-7.954321998,-7.947197323,-7.948913533,-7.938004974,-7.933891215
117,,,,,,,,,,,,,,,,,,,,,,,,,,,,,,,,,,,,,,,,,,,,,,,,,,,,,,,,,,,,,,,,,,,,,,,,,,,-7.953143756,-7.958590593,-7.950781278,-7.948943299,-7.937215963,-7.930979677
116,,,,,,,,,,,,,,,,,,,,,,,,,,,,,,,,,,,,,,,,,,,,,,,,,,,,,,,,,,,,,,,,,,,,,,,,,,-7.969453713,-7.966287658,-7.970872294,-7.960456779,-7.958357234,-7.943758121,-7.936727506
115,,,,,,,,,,,,,,,,,,,,,,,,,,,,,,,,,,,,,,,,,,,,,,,,,,,,,,,,,,,,,,,,,,,,,,,,,-7.969662909,-7.97507535,-7.97201795,-7.972925367,-7.961330373,-7.956103526,-7.941441644,-7.931971344
114,,,,,,,,,,,,,,,,,,,,,,,,,,,,,,,,,,,,,,,,,,,,,,,,,,,,,,,,,,,,,,,,,,,,,,,,-7.986552967,-7.985484012,-7.991460644,-7.984192021,-7.984497406,-7.970472882,-7.964873952,-7.946495377,-7.937196869
113,,,,,,,,,,,,,,,,,,,,,,,,,,,,,,,,,,,,,,,,,,,,,,,,,,,,,,,,,,,,,,,,,,,,,,,-7.988372435,-7.996779641,-7.994256912,-7.997553792,-7.989158169,-7.985405168,-7.969821481,-7.961021356,-7.942431055,-7.930279601
112,,,,,,,,,,,,,,,,,,,,,,,,,,,,,,,,,,,,,,,,,,,,,,,,,,,,,,,,,,,,,,,,,,,,,,,-8.006178441,-8.013172576,-8.008824146,-8.011078923,-8.000395777,-7.996301703,-7.978438284,-7.96895086,-7.94731133,-7.934640824
111,,,,,,,,,,,,,,,,,,,,,,,,,,,,,,,,,,,,,,,,,,,,,,,,,,,,,,,,,,,,,,,,,,,,,,-8.016862981,-8.017810595,-8.022534085,-8.016231717,-8.015387879,-8.003729548,-7.996222023,-7.97714732,-7.963837024,-7.941386624,-7.92653282
110,,,,,,,,,,,,,,,,,,,,,,,,,,,,,,,,,,,,,,,,,,,,,,,,,,,,,,,,,,,,,,,,,,,,,-8.024603195,-8.036259948,-8.034112533,-8.037420594,-8.029263877,-8.027593428,-8.013501613,-8.00528883,-7.983973106,-7.970279561,-7.944569945,-7.929485181
109,,,,,,,,,,,,,,,,,,,,,,,,,,,,,,,,,,,,,,,,,,,,,,,,,,,,,,,,,,,,,,,,,,,,-8.033363199,-8.038390174,-8.047217212,-8.044640496,-8.044617148,-8.035177343,-8.030847552,-8.015255461,-8.003777025,-7.98042385,-7.963799573,-7.937821231,-7.919467654
108,,,,,,,,,,,,,,,,,,,,,,,,,,,,,,,,,,,,,,,,,,,,,,,,,,,,,,,,,,,,,,,,,,,-8.038859429,-8.054685754,-8.05708236,-8.065481351,-8.057706279,-8.057579602,-8.045981232,-8.040861226,-8.023518716,-8.011167979,-7.986674781,-7.968785463,-7.939633587,-7.921379428
107,,,,,,,,,,,,,,,,,,,,,,,,,,,,,,,,,,,,,,,,,,,,,,,,,,,,,,,,,,,,,,,,,,-8.046042555,-8.05411837,-8.067060378,-8.067766229,-8.072636208,-8.064711614,-8.061207549,-8.048467552,-8.040610185,-8.021136812,-8.007554591,-7.982029091,-7.961437186,-7.931575515,-7.909316836
106,,,,,,,,,,,,,,,,,,,,,,,,,,,,,,,,,,,,,,,,,,,,,,,,,,,,,,,,,,,,,,,,,-8.050826426,-8.069286904,-8.074737439,-8.086185933,-8.084488758,-8.086788555,-8.07613904,-8.072137211,-8.056208696,-8.048059179,-8.026650752,-8.011828783,-7.984387538,-7.965035432,-7.93165555,-7.909985847
105,,,,,,,,,,,,,,,,,,,,,,,,,,,,,,,,,,,,,,,,,,,,,,,,,,,,,,,,,,,,,,,,-8.057332417,-8.067339508,-8.083516663,-8.088041839,-8.096623994,-8.093401778,-8.093666353,-8.081732861,-8.074537451,-8.056962154,-8.045897236,-8.022515956,-8.005773649,-7.977013612,-7.954990401,-7.922350236,-7.896266565
104,,,,,,,,,,,,,,,,,,,,,,,,,,,,,,,,,,,,,,,,,,,,,,,,,,,,,,,,,,,,,,,-8.060576277,-8.082198176,-8.089464414,-8.104397807,-8.10635182,-8.113203183,-8.107222544,-8.106628148,-8.091884208,-8.08407915,-8.063503646,-8.052037402,-8.02634512,-8.010061412,-7.97889461,-7.956591738,-7.92063819,-7.89560486
103,,,,,,,,,,,,,,,,,,,,,,,,,,,,,,,,,,,,,,,,,,,,,,,,,,,,,,,,,,,,,,-8.065320236,-8.077714804,-8.097741541,-8.103790388,-8.117567271,-8.11662458,-8.120562554,-8.113840202,-8.110220548,-8.094206869,-8.083483767,-8.061907235,-8.047728719,-8.021394179,-8.001243633,-7.96990441,-7.945974672,-7.909426177,-7.880941459
102,,,,,,,,,,,,,,,,,,,,,,,,,,,,,,,,,,,,,,,,,,,,,,,,,,,,,,,,,,,,,-8.066685074,-8.091923317,-8.101684356,-8.12010564,-8.123937553,-8.134779285,-8.131917881,-8.134820501,-8.124722112,-8.12025081,-8.10180345,-8.091279811,-8.067544568,-8.052940872,-8.024048114,-8.003875453,-7.969724314,-7.944951716,-7.906701626,-7.878789251
101,,,,,,,,,,,,,,,,,,,,,,,,,,,,,,,,,,,,,,,,,,,,,,,,,,,,,,,,,,,,-8.066517397,-8.085149347,-8.108652728,-8.117289142,-8.132839857,-8.135380802,-8.143878206,-8.139752023,-8.139884542,-8.128356321,-8.120710071,-8.101009496,-8.087969223,-8.064605096,-8.046410966,-8.016754292,-7.994393792,-7.958903436,-7.932323592,-7.892958704,-7.861820648
100,,,,,,,,,,,,,,,,,,,,,,,,,,,,,,,,,,,,,,,,,,,,,,,,,,,,,,,,,,,-8.065816792,-8.095194118,-8.110804876,-8.132622902,-8.139101732,-8.153134018,-8.153586043,-8.160203,-8.153305449,-8.152503534,-8.137333876,-8.129457972,-8.10745582,-8.094402717,-8.067831487,-8.049409035,-8.01726212,-7.994365692,-7.957663357,-7.930201784,-7.886565442,-7.857893329
99,,,,,,,,,,,,,,,,,,,,,,,,,,,,,,,,,,,,,,,,,,,,,,,,,,,,,,,,,,-8.063848967,-8.0860436,-8.112834929,-8.127674081,-8.146737511,-8.151901315,-8.164222048,-8.162672199,-8.166851313,-8.158422127,-8.154663479,-8.137822238,-8.127304153,-8.10445064,-8.088773136,-8.061167821,-8.040133319,-8.007592997,-7.982425159,-7.944480904,-7.914828859,-7.871913738,-7.838515993
98,,,,,,,,,,,,,,,,,,,,,,,,,,,,,,,,,,,,,,,,,,,,,,,,,,,,,,,,,-8.057732578,-8.094082136,-8.113429358,-8.139684869,-8.150570693,-8.168618318,-8.171763771,-8.182023393,-8.178606484,-8.181702409,-8.169922385,-8.164907062,-8.145476776,-8.134694289,-8.109061947,-8.0933607,-8.062507143,-8.042055591,-8.00736427,-7.981562457,-7.939517444,-7.910901181,-7.864127734,-7.833447768
97,,,,,,,,,,,,,,,,,,,,,,,,,,,,,,,,,,,,,,,,,,,,,,,,,,,,,,,,-8.05334881,-8.080130541,-8.113496773,-8.131825684,-8.155453437,-8.165363072,-8.180493896,-8.182241501,-8.190203506,-8.185843804,-8.18478214,-8.170889623,-8.162888133,-8.141829666,-8.129051442,-8.103309566,-8.085020874,-8.053369508,-8.030611158,-7.994761566,-7.966508912,-7.925101647,-7.892344577,-7.84662826,-7.81158225
96,,,,,,,,,,,,,,,,,,,,,,,,,,,,,,,,,,,,,,,,,,,,,,,,,,,,,,,-8.043233462,-8.08658895,-8.110269293,-8.142261468,-8.156967021,-8.180226419,-8.186590741,-8.200035378,-8.199761256,-8.206073884,-8.197522207,-8.196490874,-8.179965767,-8.172002531,-8.148466937,-8.135267229,-8.105548558,-8.087916055,-8.054071125,-8.031163786,-7.992761814,-7.964202298,-7.919224784,-7.888355049,-7.838394753,-7.804306118
95,,,,,,,,,,,,,,,,,,,,,,,,,,,,,,,,,,,,,,,,,,,,,,,,,,,,,,,-8.068006376,-8.107952846,-8.130911018,-8.159313815,-8.173155597,-8.19628947,-8.200017586,-8.210472772,-8.207788629,-8.210694396,-8.200519205,-8.196347407,-8.178411199,-8.167715364,-8.142999631,-8.126930973,-8.097458915,-8.076858043,-8.043430125,-8.017152831,-7.977825525,-7.947271259,-7.902290343,-7.867246636,-7.818843477,-7.78128783
94,,,,,,,,,,,,,,,,,,,,,,,,,,,,,,,,,,,,,,,,,,,,,,,,,,,,,,,-8.100760391,-8.139688744,-8.159310322,-8.185562976,-8.196515399,-8.216065045,-8.218542853,-8.228133801,-8.222920685,-8.224938572,-8.211889885,-8.20712473,-8.186133177,-8.175404949,-8.147901995,-8.13213046,-8.098336625,-8.078721602,-8.042119675,-8.016149676,-7.973449664,-7.943516453,-7.894961025,-7.861156181,-7.80926787,
93,,,,,,,,,,,,,,,,,,,,,,,,,,,,,,,,,,,,,,,,,,,,,,,,,,,,,,-8.104330509,-8.124898606,-8.159815135,-8.178374753,-8.200654253,-8.209790613,-8.227769019,-8.228753023,-8.234364526,-8.227750618,-8.226632523,-8.212243153,-8.204655397,-8.181611322,-8.168802739,-8.140617832,-8.122339329,-8.089194221,-8.065664031,-8.027751017,-7.999963135,-7.957267097,-7.923225259,-7.8759352,-7.838642009,-7.787454521,
92,,,,,,,,,,,,,,,,,,,,,,,,,,,,,,,,,,,,,,,,,,,,,,,,,,,,,,-8.140942216,-8.157166799,-8.190448327,-8.205280346,-8.225105449,-8.231424209,-8.247179795,-8.24451893,-8.250023979,-8.239839301,-8.238485063,-8.221263224,-8.213226884,-8.188138537,-8.17464774,-8.144213374,-8.125509252,-8.089276159,-8.066188624,-8.025375791,-7.997448157,-7.951154124,-7.918044667,-7.867134558,-7.831221545,-7.776602328,
91,,,,,,,,,,,,,,,,,,,,,,,,,,,,,,,,,,,,,,,,,,,,,,,,,,,,,-8.132049238,-8.164652997,-8.181278616,-8.214557711,-8.219805384,-8.238153393,-8.23999988,-8.253485821,-8.249336739,-8.251724711,-8.240267995,-8.236413454,-8.217752096,-8.207705194,-8.181401703,-8.165753004,-8.134651021,-8.113523656,-8.077603301,-8.050885448,-8.009287152,-7.978067434,-7.932065188,-7.896171413,-7.845869067,-7.807051747,,
90,,,,,,,,,,,,,,,,,,,,,,,,,,,,,,,,,,,,,,,,,,,,,,,,,,,,-8.14540262,-8.168512448,-8.20043946,-8.212613745,-8.24021099,-8.248435901,-8.263741242,-8.261104728,-8.272847434,-8.264516945,-8.267304991,-8.251904825,-8.247998214,-8.226052534,-8.215520567,-8.186481979,-8.170764748,-8.136570031,-8.115342994,-8.075646951,-8.049816853,-8.004492825,-7.973721389,-7.924014648,-7.889480825,-7.835618501,-7.796337582,,
89,,,,,,,,,,,,,,,,,,,,,,,,,,,,,,,,,,,,,,,,,,,,,,,,,,,,-8.17300406,-8.194628555,-8.223010222,-8.23523685,-8.261773303,-8.263060124,-8.276849562,-8.272398924,-8.278709517,-8.267054331,-8.267218914,-8.249788441,-8.243611308,-8.219693391,-8.207446818,-8.17796686,-8.159121381,-8.123892445,-8.100272393,-8.061058181,-8.031400119,-7.987622888,-7.952627108,-7.904342904,-7.865871275,-7.81170179,,,
88,,,,,,,,,,,,,,,,,,,,,,,,,,,,,,,,,,,,,,,,,,,,,,,,,,,-8.170905793,-8.211534592,-8.230794146,-8.258069858,-8.266928113,-8.288761033,-8.290383692,-8.302543721,-8.293952921,-8.300503845,-8.284829779,-8.284922289,-8.26253939,-8.256631014,-8.228204334,-8.216230741,-8.182326111,-8.165111075,-8.125515121,-8.102046794,-8.057341215,-8.028796004,-7.97989204,-7.947099992,-7.893739375,-7.8562221,-7.798282643,,,
87,,,,,,,,,,,,,,,,,,,,,,,,,,,,,,,,,,,,,,,,,,,,,,,,,,-8.177207283,-8.203623911,-8.239068844,-8.255932826,-8.279442435,-8.288133825,-8.305300081,-8.305048928,-8.313392339,-8.304217359,-8.306950893,-8.291555257,-8.286777519,-8.264584859,-8.254271492,-8.225164505,-8.208860907,-8.173702837,-8.152437937,-8.112251472,-8.085428198,-8.042032777,-8.009045401,-7.961711161,-7.924422067,-7.8709176,-7.831142363,,,,
86,,,,,,,,,,,,,,,,,,,,,,,,,,,,,,,,,,,,,,,,,,,,,,,,,,-8.222128548,-8.242956462,-8.277432402,-8.291520315,-8.314198412,-8.317655098,-8.334211014,-8.329595149,-8.338186429,-8.325529252,-8.327503451,-8.307735645,-8.302990485,-8.276843351,-8.265858926,-8.232048471,-8.216053205,-8.176672113,-8.155385711,-8.111278514,-8.084240076,-8.036166553,-8.004680721,-7.951788551,-7.915890036,-7.858216864,-7.819311184,,,,
85,,,,,,,,,,,,,,,,,,,,,,,,,,,,,,,,,,,,,,,,,,,,,,,,,-8.192809977,-8.254985207,-8.275999396,-8.305371003,-8.31806238,-8.334960995,-8.337711886,-8.349444126,-8.344311964,-8.348140761,-8.334965912,-8.332615192,-8.312029538,-8.303939088,-8.276645222,-8.262747945,-8.229507467,-8.207797131,-8.167727037,-8.141654176,-8.097874139,-8.066446635,-8.018968344,-7.983398699,-7.930412876,-7.891788288,-7.834387499,,,,,
84,,,,,,,,,,,,,,,,,,,,,,,,,,,,,,,,,,,,,,,,,,,,,,,,,-8.237949535,-8.299918008,-8.31535066,-8.342785588,-8.350433974,-8.369178119,-8.365806474,-8.376671929,-8.366740028,-8.370595055,-8.352912944,-8.35040116,-8.326085859,-8.317253858,-8.286868176,-8.271629692,-8.233005582,-8.212294756,-8.168584673,-8.142049813,-8.09419691,-8.063554378,-8.010543877,-7.975983358,-7.918778305,-7.880691711,,,,,,
83,,,,,,,,,,,,,,,,,,,,,,,,,,,,,,,,,,,,,,,,,,,,,,,,,-8.277422172,-8.334128233,-8.349213728,-8.369882778,-8.374388885,-8.387734758,-8.383668147,-8.390566966,-8.378594098,-8.378980119,-8.359817945,-8.35398092,-8.328725959,-8.31642004,-8.285253602,-8.266620847,-8.227272287,-8.202099602,-8.158686354,-8.127631289,-8.080221662,-8.045214269,-7.992573639,-7.954057787,-7.896462526,,,,,,,
82,,,,,,,,,,,,,,,,,,,,,,,,,,,,,,,,,,,,,,,,,,,,,,,,-8.278634497,-8.322676092,-8.378879609,-8.388426939,-8.406174957,-8.408367517,-8.419726196,-8.412558775,-8.417045676,-8.401644588,-8.39994724,-8.377552562,-8.369569611,-8.341200743,-8.327120575,-8.292626829,-8.27282112,-8.229854567,-8.203804222,-8.156371077,-8.126003855,-8.073154362,-8.038993683,-7.982201112,-7.944108432,,,,,,,,
81,,,,,,,,,,,,,,,,,,,,,,,,,,,,,,,,,,,,,,,,,,,,,,,,-8.292523753,-8.338236449,-8.386929699,-8.396517172,-8.412736922,-8.411923867,-8.422237466,-8.413379464,-8.415452997,-8.39873961,-8.39399747,-8.370084916,-8.359033159,-8.329644124,-8.311582135,-8.277711197,-8.252253853,-8.210678458,-8.18104256,-8.134816215,-8.098551517,-8.046591925,-8.007211469,-7.951228352,,,,,,,,,
80,,,,,,,,,,,,,,,,,,,,,,,,,,,,,,,,,,,,,,,,,,,,,,,-8.267838017,-8.326924521,-8.363225079,-8.411248529,-8.416388045,-8.432256259,-8.428861791,-8.437325045,-8.424979522,-8.426412274,-8.40531002,-8.400653696,-8.373007503,-8.362899333,-8.326968064,-8.3093771,-8.269117097,-8.246209563,-8.200523435,-8.169866755,-8.118758393,-8.084264397,-8.027589829,-7.989555548,-7.928394726,,,,,,,,,
79,,,,,,,,,,,,,,,,,,,,,,,,,,,,,,,,,,,,,,,,,,,,,,,-8.286873096,-8.338562041,-8.376211899,-8.416673214,-8.421778419,-8.434857919,-8.430066281,-8.436315838,-8.422288136,-8.421177602,-8.399496456,-8.390661771,-8.362739621,-8.347296872,-8.314004409,-8.289206238,-8.24987603,-8.221476751,-8.177585869,-8.143132011,-8.091670536,-8.053250155,-7.996212872,-7.954435311,-7.892914697,,,,,,,,,
78,,,,,,,,,,,,,,,,,,,,,,,,,,,,,,,,,,,,,,,,,,,,,,,-8.318010948,-8.370754054,-8.399252716,-8.440404065,-8.441672335,-8.454002908,-8.445975384,-8.451309629,-8.43365135,-8.431848261,-8.406465872,-8.397242387,-8.365173051,-8.349056848,-8.3091378,-8.287121314,-8.241114647,-8.212570495,-8.163666069,-8.129718262,-8.073743481,-8.034990806,-7.973128116,-7.932788161,,,,,,,,,,
77,,,,,,,,,,,,,,,,,,,,,,,,,,,,,,,,,,,,,,,,,,,,,,-8.299763791,-8.334962286,-8.381191071,-8.408202935,-8.444489078,-8.444268149,-8.454093309,-8.444733682,-8.447428551,-8.429271743,-8.423864884,-8.398212055,-8.385615683,-8.353640673,-8.332455305,-8.292474233,-8.266265052,-8.220884026,-8.187049554,-8.137099682,-8.09887285,-8.042730695,-8.000181343,-7.937621547,,,,,,,,,,,
76,,,,,,,,,,,,,,,,,,,,,,,,,,,,,,,,,,,,,,,,,,,,,-8.280132214,-8.335608733,-8.364499771,-8.410628897,-8.432092506,-8.467269141,-8.463590635,-8.472489354,-8.459671584,-8.461460368,-8.438749793,-8.433061757,-8.401122468,-8.388589796,-8.352169823,-8.331603909,-8.285349051,-8.259117052,-8.209966937,-8.176101538,-8.122184554,-8.082840426,-8.022446425,-7.979223536,,,,,,,,,,,,
75,,,,,,,,,,,,,,,,,,,,,,,,,,,,,,,,,,,,,,,,,,,,,-8.299598797,-8.350115203,-8.378825556,-8.418145578,-8.437985378,-8.469281921,-8.464046755,-8.469913535,-8.45656318,-8.455104956,-8.432450928,-8.42228196,-8.391364091,-8.373111431,-8.336453622,-8.311077735,-8.267936535,-8.23640878,-8.186358397,-8.148935659,-8.093145634,-8.050179017,-7.987980973,,,,,,,,,,,,,
74,,,,,,,,,,,,,,,,,,,,,,,,,,,,,,,,,,,,,,,,,,,,-8.29982609,-8.336024189,-8.384564963,-8.407974799,-8.447589498,-8.461602916,-8.491221796,-8.481970989,-8.487074004,-8.469255308,-8.46704565,-8.439737198,-8.429273015,-8.393633647,-8.375654331,-8.334565961,-8.309833828,-8.261124596,-8.228853302,-8.17502924,-8.136544959,-8.076424936,-8.032508261,,,,,,,,,,,,,,
73,,,,,,,,,,,,,,,,,,,,,,,,,,,,,,,,,,,,,,,,,,,,-8.319481139,-8.353365565,-8.39761599,-8.41885252,-8.454540073,-8.465835714,-8.491058502,-8.479912192,-8.481859524,-8.463705057,-8.457851793,-8.430145577,-8.414763103,-8.380055624,-8.356900427,-8.315729893,-8.286461546,-8.235394696,-8.201826775,-8.146164899,-8.104944598,-8.043534273,,,,,,,,,,,,,,,
72,,,,,,,,,,,,,,,,,,,,,,,,,,,,,,,,,,,,,,,,,,,-8.30188428,-8.358719782,-8.388167597,-8.429488543,-8.446074533,-8.481909691,-8.487680533,-8.511787101,-8.496129045,-8.497083019,-8.474103917,-8.467494667,-8.435221254,-8.419936545,-8.37975438,-8.356970883,-8.310705462,-8.281484132,-8.227814971,-8.190994434,-8.131188166,-8.088400603,,,,,,,,,,,,,,,,
71,,,,,,,,,,,,,,,,,,,,,,,,,,,,,,,,,,,,,,,,,,-8.281515375,-8.323385572,-8.376061118,-8.403921536,-8.441454155,-8.457693014,-8.484626618,-8.490100583,-8.509093246,-8.492081705,-8.489326451,-8.465216691,-8.454581476,-8.422890466,-8.401825569,-8.36167734,-8.334426761,-8.288532834,-8.254528251,-8.200315646,-8.158642391,-8.099397304,,,,,,,,,,,,,,,,,
70,,,,,,,,,,,,,,,,,,,,,,,,,,,,,,,,,,,,,,,,,,-8.32647751,-8.363030133,-8.413874041,-8.435779626,-8.474106795,-8.483959185,-8.511741309,-8.510023469,-8.528437829,-8.505854213,-8.501956692,-8.472894119,-8.46127791,-8.423450787,-8.403360477,-8.358581139,-8.330609881,-8.279328511,-8.243693278,-8.186507103,-8.144338998,-8.08130703,,,,,,,,,,,,,,,,,
69,,,,,,,,,,,,,,,,,,,,,,,,,,,,,,,,,,,,,,,,,-8.288243889,-8.348191595,-8.382875162,-8.428765179,-8.449205855,-8.481314334,-8.48990198,-8.512887712,-8.509523512,-8.52335926,-8.499508104,-8.490795557,-8.460736033,-8.444711027,-8.407126891,-8.380593465,-8.336882977,-8.303940526,-8.252021011,-8.212502464,-8.15380434,-8.108561463,-8.043994119,,,,,,,,,,,,,,,,,
68,,,,,,,,,,,,,,,,,,,,,,,,,,,,,,,,,,,,,,,,-8.285254928,-8.333314112,-8.391105241,-8.420749876,-8.465030997,-8.480696905,-8.511881172,-8.514467559,-8.536336523,-8.527763132,-8.540482648,-8.511773101,-8.501190902,-8.465519409,-8.446979446,-8.404026887,-8.379402711,-8.329115953,-8.295594887,-8.238339131,-8.197797791,-8.134641558,-8.088990417,,,,,,,,,,,,,,,,,,
67,,,,,,,,,,,,,,,,,,,,,,,,,,,,,,,,,,,,,,,-8.243919562,-8.31691149,-8.358194124,-8.41029811,-8.43782066,-8.476730819,-8.490900125,-8.517359755,-8.517768026,-8.534696738,-8.525516832,-8.533541513,-8.502767508,-8.485866888,-8.447742929,-8.428013419,-8.382592739,-8.353135672,-8.301939978,-8.264034145,-8.206269781,-8.161036331,-8.097738834,,,,,,,,,,,,,,,,,,,
66,,,,,,,,,,,,,,,,,,,,,,,,,,,,,,,,,,,,,,-8.235392677,-8.291006054,-8.362646552,-8.401706081,-8.449824762,-8.473217326,-8.51070485,-8.519331241,-8.54480594,-8.540055784,-8.555553368,-8.540498452,-8.547078185,-8.511792471,-8.493812734,-8.449679812,-8.424852425,-8.376784181,-8.344468696,-8.290640708,-8.250486481,-8.188341494,-8.142512525,,,,,,,,,,,,,,,,,,,,
65,,,,,,,,,,,,,,,,,,,,,,,,,,,,,,,,,,,,,-8.182869915,-8.26744085,-8.325606967,-8.390661543,-8.423304517,-8.469657162,-8.486687022,-8.521146274,-8.529229698,-8.546118396,-8.540390147,-8.551022668,-8.535908208,-8.538010647,-8.499636364,-8.474808783,-8.427367308,-8.400943457,-8.351948748,-8.313888851,-8.258025167,-8.213869161,-8.150456196,,,,,,,,,,,,,,,,,,,,,
64,,,,,,,,,,,,,,,,,,,,,,,,,,,,,,,,,,,,,-8.239368923,-8.323487977,-8.368769317,-8.431869008,-8.46436014,-8.504553683,-8.520040189,-8.551133254,-8.552219163,-8.571362143,-8.558795458,-8.568815828,-8.546898229,-8.54653104,-8.504779337,-8.479812722,-8.428065437,-8.395476781,-8.340831669,-8.303583581,-8.241630218,-8.195707771,-8.128129184,,,,,,,,,,,,,,,,,,,,,
63,,,,,,,,,,,,,,,,,,,,,,,,,,,,,,,,,,,,,-8.271918586,-8.348884367,-8.402441134,-8.454951615,-8.481127764,-8.518818133,-8.530465578,-8.557854527,-8.55651014,-8.5688713,-8.556105855,-8.561106214,-8.538668706,-8.530775507,-8.487879085,-8.457505067,-8.406062813,-8.366197616,-8.309808542,-8.26611969,-8.203471014,-8.152851968,-8.08484105,,,,,,,,,,,,,,,,,,,,,
62,,,,,,,,,,,,,,,,,,,,,,,,,,,,,,,,,,,,,-8.315721187,-8.399727904,-8.435555277,-8.491651476,-8.515003097,-8.551738615,-8.558597259,-8.585000648,-8.578121499,-8.591089159,-8.571952845,-8.57534313,-8.546230393,-8.537614586,-8.489087503,-8.456756297,-8.399168196,-8.359041316,-8.295008424,-8.248629988,-8.181466952,-8.130220259,-8.056130407,,,,,,,,,,,,,,,,,,,,,
61,,,,,,,,,,,,,,,,,,,,,,,,,,,,,,,,,,,,-8.298104518,-8.353456164,-8.42197306,-8.462796133,-8.512611913,-8.529211429,-8.561265959,-8.565046205,-8.585922343,-8.57798206,-8.584964819,-8.566019374,-8.562795724,-8.532874904,-8.51709217,-8.467458467,-8.427981774,-8.369664064,-8.322363877,-8.262337052,-8.20667337,-8.138034166,-8.08248325,,,,,,,,,,,,,,,,,,,,,,
60,,,,,,,,,,,,,,,,,,,,,,,,,,,,,,,,,,,,-8.353652061,-8.398121414,-8.471553199,-8.496015574,-8.548373174,-8.559310898,-8.592440259,-8.590131766,-8.611493821,-8.596769841,-8.604098565,-8.577951591,-8.574084258,-8.537030453,-8.519946447,-8.463952989,-8.421547698,-8.357333495,-8.311183352,-8.239188504,-8.184954803,-8.110944128,,,,,,,,,,,,,,,,,,,,,,,
59,,,,,,,,,,,,,,,,,,,,,,,,,,,,,,,,,,,-8.311785152,-8.388159211,-8.431028954,-8.49781091,-8.523140696,-8.564753893,-8.57397205,-8.596914426,-8.594689525,-8.608421896,-8.592961876,-8.5947194,-8.56866097,-8.557353565,-8.518946611,-8.494432431,-8.437176376,-8.390347106,-8.323563885,-8.269888791,-8.195577099,-8.136765139,,,,,,,,,,,,,,,,,,,,,,,,
58,,,,,,,,,,,,,,,,,,,,,,,,,,,,,,,,,,-8.318423099,-8.370186626,-8.445758209,-8.483399131,-8.545504101,-8.566945989,-8.605447484,-8.603008303,-8.628755975,-8.617212446,-8.631548736,-8.608248916,-8.608960258,-8.574418273,-8.563105144,-8.517931837,-8.492234449,-8.428555234,-8.382093593,-8.30619063,-8.252360709,-8.170704776,-8.110693001,,,,,,,,,,,,,,,,,,,,,,,,
57,,,,,,,,,,,,,,,,,,,,,,,,,,,,,,,,,,-8.361551842,-8.412208154,-8.480601778,-8.516475997,-8.57308704,-8.593603294,-8.628009308,-8.620469661,-8.631954733,-8.619242459,-8.62547596,-8.601031986,-8.595358105,-8.560176668,-8.540805732,-8.494011237,-8.463658491,-8.396838248,-8.341464663,-8.266260844,-8.203624893,-8.123092789,,,,,,,,,,,,,,,,,,,,,,,,,
56,,,,,,,,,,,,,,,,,,,,,,,,,,,,,,,,,-8.335854555,-8.426292991,-8.470005704,-8.536770971,-8.564955845,-8.617916183,-8.629086012,-8.659604198,-8.647419077,-8.659407125,-8.637790226,-8.643522274,-8.612339429,-8.604664749,-8.561592748,-8.54169412,-8.487043709,-8.456491849,-8.38229289,-8.32619705,-8.24232395,-8.180417144,,,,,,,,,,,,,,,,,,,,,,,,,,
55,,,,,,,,,,,,,,,,,,,,,,,,,,,,,,,,,-8.388177176,-8.465726801,-8.50885294,-8.569484445,-8.593514018,-8.636993467,-8.647006007,-8.667859817,-8.653157316,-8.659336546,-8.634177427,-8.632853927,-8.599285567,-8.58493286,-8.538447738,-8.513661433,-8.457881743,-8.419824739,-8.344393167,-8.279909348,-8.19957407,,,,,,,,,,,,,,,,,,,,,,,,,,,
54,,,,,,,,,,,,,,,,,,,,,,,,,,,,,,,,-8.385564855,-8.445041588,-8.518810905,-8.558020727,-8.615419091,-8.631760159,-8.67327914,-8.673172388,-8.691129862,-8.671487956,-8.678289019,-8.647945173,-8.644568321,-8.604247599,-8.587830369,-8.535452026,-8.505311775,-8.44715688,-8.406790862,-8.322156615,-8.258218865,,,,,,,,,,,,,,,,,,,,,,,,,,,,
53,,,,,,,,,,,,,,,,,,,,,,,,,,,,,,,-8.334346334,-8.428352116,-8.48552595,-8.554835807,-8.587926623,-8.641156734,-8.655643602,-8.688068197,-8.685920362,-8.695951133,-8.673182172,-8.673013934,-8.639066797,-8.628408086,-8.584837275,-8.562037296,-8.509330893,-8.473314404,-8.406670301,-8.365019815,-8.281584664,,,,,,,,,,,,,,,,,,,,,,,,,,,,,
52,,,,,,,,,,,,,,,,,,,,,,,,,,,,,,-8.321318752,-8.398816924,-8.492174657,-8.538720965,-8.60635151,-8.629675075,-8.681170206,-8.688504863,-8.720340003,-8.709303054,-8.717073877,-8.688514886,-8.686670367,-8.646923601,-8.633562725,-8.583891338,-8.557734515,-8.499088373,-8.46264041,-8.392670507,-8.346060356,-8.248664938,,,,,,,,,,,,,,,,,,,,,,,,,,,,,
51,,,,,,,,,,,,,,,,,,,,,,,,,,,,,-8.254427952,-8.374408856,-8.444825668,-8.528500668,-8.574600431,-8.634702099,-8.656698636,-8.699657975,-8.705467721,-8.730371214,-8.717721615,-8.71771754,-8.686700878,-8.675725662,-8.632938695,-8.6115768,-8.558081145,-8.526294957,-8.463577512,-8.421259135,-8.352780849,-8.297039219,,,,,,,,,,,,,,,,,,,,,,,,,,,,,,
50,,,,,,,,,,,,,,,,,,,,,,,,,,,,-8.245825253,-8.334618169,-8.448820787,-8.51156133,-8.59031131,-8.626320822,-8.683123426,-8.698367083,-8.73650925,-8.73543425,-8.75712382,-8.738415637,-8.734422538,-8.695292322,-8.682074595,-8.632794403,-8.607678155,-8.549369189,-8.513889177,-8.445796942,-8.400108633,-8.32274298,-8.27208803,,,,,,,,,,,,,,,,,,,,,,,,,,,,,,
49,,,,,,,,,,,,,,,,,,,,,,,,,,,,-8.283832706,-8.367301053,-8.473760196,-8.530340308,-8.604877884,-8.638289781,-8.682864831,-8.695604078,-8.723008648,-8.721354674,-8.729697942,-8.70694392,-8.697695415,-8.657630152,-8.637829407,-8.587772016,-8.556051426,-8.496554086,-8.454673933,-8.384472258,-8.332376925,-8.25235957,,,,,,,,,,,,,,,,,,,,,,,,,,,,,,,
48,,,,,,,,,,,,,,,,,,,,,,,,,,,,-8.353827075,-8.429824881,-8.527867215,-8.579262123,-8.650687834,-8.672328086,-8.717611179,-8.717755689,-8.741844968,-8.721904027,-8.732934806,-8.699239212,-8.690373204,-8.640503061,-8.621194848,-8.560646065,-8.529886949,-8.46031704,-8.417974415,-8.340340947,-8.287860062,,,,,,,,,,,,,,,,,,,,,,,,,,,,,,,,
47,,,,,,,,,,,,,,,,,,,,,,,,,,,,-8.386703448,-8.458352572,-8.551465321,-8.600583287,-8.658264135,-8.674372188,-8.710407265,-8.706860742,-8.720070601,-8.700518713,-8.700117822,-8.662726347,-8.647935337,-8.599360482,-8.568935,-8.512591488,-8.470405276,-8.400951102,-8.349752301,-8.270417903,,,,,,,,,,,,,,,,,,,,,,,,,,,,,,,,,
46,,,,,,,,,,,,,,,,,,,,,,,,,,,,-8.454548688,-8.516657673,-8.602966154,-8.636043261,-8.696012417,-8.700992964,-8.735294788,-8.720360398,-8.73513493,-8.699646383,-8.701868677,-8.652510049,-8.636435501,-8.579424186,-8.548098832,-8.475533606,-8.439318168,-8.357421833,-8.306737664,,,,,,,,,,,,,,,,,,,,,,,,,,,,,,,,,,
45,,,,,,,,,,,,,,,,,,,,,,,,,,,-8.365171401,-8.48292405,-8.541323524,-8.61536969,-8.64747874,-8.695405164,-8.698237297,-8.720032125,-8.702057712,-8.707220267,-8.671771172,-8.662715309,-8.615089618,-8.587869982,-8.534242522,-8.495572017,-8.423716107,-8.376759096,-8.294751687,-8.216076022,,,,,,,,,,,,,,,,,,,,,,,,,,,,,,,,,,
44,,,,,,,,,,,,,,,,,,,,,,,,,,,-8.430566444,-8.550361741,-8.594942649,-8.666351621,-8.685119834,-8.729697377,-8.72042202,-8.742318582,-8.712035911,-8.717389297,-8.669847801,-8.660023781,-8.599322397,-8.573951285,-8.507873312,-8.463620539,-8.38778769,-8.334230668,-8.228690722,,,,,,,,,,,,,,,,,,,,,,,,,,,,,,,,,,,
43,,,,,,,,,,,,,,,,,,,,,,,,,,-8.370871556,-8.461016216,-8.573912064,-8.614505284,-8.670105815,-8.687572337,-8.72003707,-8.707210063,-8.719143581,-8.68633071,-8.681480824,-8.635894367,-8.611526022,-8.554908669,-8.518982612,-8.449860141,-8.403255003,-8.32224186,-8.242937559,,,,,,,,,,,,,,,,,,,,,,,,,,,,,,,,,,,,
42,,,,,,,,,,,,,,,,,,,,,,,,,-8.305521629,-8.446256008,-8.528795612,-8.632288239,-8.660017331,-8.715978519,-8.718359294,-8.749725836,-8.72532507,-8.735985107,-8.691192578,-8.685387114,-8.625286334,-8.602682978,-8.533626029,-8.496326489,-8.418927553,-8.36802378,-8.258316368,,,,,,,,,,,,,,,,,,,,,,,,,,,,,,,,,,,,,
41,,,,,,,,,,,,,,,,,,,,,,,,-8.229955242,-8.351206729,-8.486548136,-8.546742309,-8.653119477,-8.670929257,-8.713360882,-8.711487036,-8.729526822,-8.70441915,-8.703335033,-8.660197993,-8.641128582,-8.582478449,-8.547858098,-8.478255465,-8.435250669,-8.349655126,-8.273974925,,,,,,,,,,,,,,,,,,,,,,,,,,,,,,,,,,,,,,
40,,,,,,,,,,,,,,,,,,,,,,,-8.152127758,-8.322168147,-8.423019753,-8.549417088,-8.605793303,-8.707177237,-8.71968231,-8.754263649,-8.742087543,-8.756304839,-8.714115191,-8.712169407,-8.652385165,-8.632612617,-8.561341076,-8.524082205,-8.447531373,-8.395972428,-8.284538353,,,,,,,,,,,,,,,,,,,,,,,,,,,,,,,,,,,,,,,
39,,,,,,,,,,,,,,,,,,,,,,-8.086193536,-8.207492637,-8.360491331,-8.462794267,-8.571383357,-8.624595671,-8.720170241,-8.725943231,-8.747215016,-8.733695842,-8.727780784,-8.684748835,-8.665746378,-8.607996724,-8.576458891,-8.510175622,-8.461963928,-8.378429833,-8.297988325,,,,,,,,,,,,,,,,,,,,,,,,,,,,,,,,,,,,,,,,
38,,,,,,,,,,,,,,,,,,,,,-8.003915641,-8.185410002,-8.297101245,-8.456146661,-8.526782483,-8.638250351,-8.68087397,-8.764409738,-8.76172589,-8.780260976,-8.7490252,-8.746230623,-8.688314043,-8.669218557,-8.590730694,-8.554882718,-8.472167168,-8.419475416,-8.307904643,,,,,,,,,,,,,,,,,,,,,,,,,,,,,,,,,,,,,,,,,
37,,,,,,,,,,,,,,,,,,,,-7.943863002,-8.082427627,-8.245244935,-8.345819661,-8.488291245,-8.56149434,-8.658031817,-8.699843611,-8.760751708,-8.75597006,-8.758679568,-8.725668294,-8.705307496,-8.645905608,-8.609443166,-8.536515986,-8.488642568,-8.402712883,-8.320328779,,,,,,,,,,,,,,,,,,,,,,,,,,,,,,,,,,,,,,,,,,
36,,,,,,,,,,,,,,,,,,,-7.833272993,-8.050631559,-8.18106453,-8.342071896,-8.432459307,-8.562748874,-8.622912846,-8.717634019,-8.742071143,-8.8020948,-8.781671625,-8.784242237,-8.732017247,-8.71258228,-8.635639359,-8.600401251,-8.506572386,-8.455453189,-8.331488812,-8.242709625,,,,,,,,,,,,,,,,,,,,,,,,,,,,,,,,,,,,,,,,,,
35,,,,,,,,,,,,,,,,,,-7.717685061,-7.921710161,-8.13887943,-8.255684624,-8.399141402,-8.48099141,-8.588118515,-8.651505763,-8.728186498,-8.7459184,-8.788088946,-8.763611873,-8.748765712,-8.693751159,-8.65712462,-8.581651429,-8.525737901,-8.440808979,-8.347408462,-8.22179725,-8.121138813,,,,,,,,,,,,,,,,,,,,,,,,,,,,,,,,,,,,,,,,,,
34,,,,,,,,,,,,,,,,,-7.584606615,-7.855081222,-8.039582199,-8.241254972,-8.347562232,-8.486462512,-8.558091073,-8.667185286,-8.704382847,-8.780358438,-8.780727845,-8.819240185,-8.776721715,-8.760441932,-8.686504637,-8.64992996,-8.555478773,-8.500325665,-8.3705836,-8.277631277,-8.14151294,,,,,,,,,,,,,,,,,,,,,,,,,,,,,,,,,,,,,,,,,,,
33,,,,,,,,,,,,,,,,-7.418171099,-7.682617853,-7.940738596,-8.119556619,-8.325677435,-8.428826729,-8.542354815,-8.599748195,-8.68546975,-8.722323457,-8.779285803,-8.771277701,-8.789616741,-8.742752054,-8.710700397,-8.635946096,-8.578150483,-8.489153991,-8.391817377,-8.263775385,-8.154255588,,,,,,,,,,,,,,,,,,,,,,,,,,,,,,,,,,,,,,,,,,,,
32,,,,,,,,,,,,,,,,-7.579458128,-7.823702135,-8.074055284,-8.234207151,-8.419064398,-8.501450424,-8.624182261,-8.661964615,-8.747845704,-8.761260837,-8.816876818,-8.792612732,-8.805418947,-8.740000133,-8.703804949,-8.610416098,-8.554613467,-8.421781416,-8.323862016,-8.17514777,,,,,,,,,,,,,,,,,,,,,,,,,,,,,,,,,,,,,,,,,,,,,
31,,,,,,,,,,,,,,,-7.354023289,-7.675263637,-7.916178497,-8.145372929,-8.304318115,-8.492004035,-8.555831384,-8.654310914,-8.686276782,-8.756361502,-8.762810371,-8.794857058,-8.763481175,-8.761109862,-8.689969845,-8.634491057,-8.542836159,-8.442293998,-8.308846627,-8.191563235,,,,,,,,,,,,,,,,,,,,,,,,,,,,,,,,,,,,,,,,,,,,,,
30,,,,,,,,,,,,,,,-7.51798952,-7.829653349,-8.049554679,-8.284853212,-8.410264732,-8.573818649,-8.620743717,-8.715971253,-8.734484448,-8.802527443,-8.789581613,-8.814997305,-8.766409457,-8.756575739,-8.666263895,-8.607423215,-8.47376629,-8.372451361,-8.221504646,,,,,,,,,,,,,,,,,,,,,,,,,,,,,,,,,,,,,,,,,,,,,,,
29,,,,,,,,,,,,,,,-7.616595076,-7.922407598,-8.126389902,-8.346202059,-8.45456761,-8.618785477,-8.657742072,-8.733355891,-8.738973912,-8.784731009,-8.762453108,-8.771123078,-8.719251726,-8.695248016,-8.59502789,-8.498375307,-8.357290224,-8.237043593,-8.080330818,,,,,,,,,,,,,,,,,,,,,,,,,,,,,,,,,,,,,,,,,,,,,,,
28,,,,,,,,,,,,,,-7.474204521,-7.748264696,-8.056525665,-8.21883253,-8.434962532,-8.538452112,-8.690812275,-8.710484771,-8.780225617,-8.766575273,-8.800572957,-8.758658646,-8.760894746,-8.693960138,-8.667033306,-8.527210766,-8.419518186,-8.261855695,-8.139814688,-7.966448456,,,,,,,,,,,,,,,,,,,,,,,,,,,,,,,,,,,,,,,,,,,,,,,
27,,,,,,,,,,,,,,-7.536583074,-7.811655739,-8.092949911,-8.246403869,-8.442546618,-8.542088944,-8.663533313,-8.680310076,-8.735553481,-8.720274355,-8.736418235,-8.694653007,-8.673076385,-8.593322213,-8.521219721,-8.37908013,-8.256272654,-8.089534988,-7.957580821,-7.769580992,,,,,,,,,,,,,,,,,,,,,,,,,,,,,,,,,,,,,,,,,,,,,,,
26,,,,,,,,,,,,,-7.307764981,-7.683807866,-7.925306433,-8.206702452,-8.344249365,-8.508335354,-8.578544608,-8.693260325,-8.689368946,-8.74744501,-8.707253562,-8.725406101,-8.657990798,-8.633841087,-8.501221824,-8.415421717,-8.257042722,-8.134561758,-7.947219112,-7.806104675,,,,,,,,,,,,,,,,,,,,,,,,,,,,,,,,,,,,,,,,,,,,,,,,
25,,,,,,,,,,,,-7.050592235,-7.409999515,-7.757154772,-8.008736994,-8.242752427,-8.373137442,-8.511345018,-8.571305885,-8.654840207,-8.646233109,-8.685507832,-8.647308389,-8.637433838,-8.556661974,-8.484950264,-8.340834252,-8.235545277,-8.075698007,-7.938309889,-7.744786452,,,,,,,,,,,,,,,,,,,,,,,,,,,,,,,,,,,,,,,,,,,,,,,,,
24,,,,,,,,,,,-6.668256918,-7.249687435,-7.557894229,-7.903685988,-8.117464636,-8.352961325,-8.43737955,-8.57956992,-8.600757863,-8.682558257,-8.643158339,-8.68079923,-8.606379645,-8.596309695,-8.463573598,-8.377602464,-8.215083331,-8.108601761,-7.919560452,-7.780251873,,,,,,,,,,,,,,,,,,,,,,,,,,,,,,,,,,,,,,,,,,,,,,,,,,
23,,,,,,,,,,,-6.881294357,-7.358080842,-7.645837602,-7.973825633,-8.166029629,-8.367565814,-8.451356887,-8.558381189,-8.575317157,-8.624885826,-8.581503776,-8.579796372,-8.510060396,-8.430723309,-8.291331687,-8.180937956,-8.015382331,-7.888353443,-7.707311047,,,,,,,,,,,,,,,,,,,,,,,,,,,,,,,,,,,,,,,,,,,,,,,,,,,
22,,,,,,,,,,-6.683527947,-7.05711564,-7.567818808,-7.804149997,-8.134225513,-8.290707016,-8.472526944,-8.518314421,-8.619455619,-8.600217664,-8.64084083,-8.554882523,-8.557605648,-8.403439592,-8.32728649,-8.151837967,-8.047528319,-7.857839515,-7.730879154,,,,,,,,,,,,,,,,,,,,,,,,,,,,,,,,,,,,,,,,,,,,,,,,,,,,
21,,,,,,,,,,-6.842925269,-7.250547897,-7.650423433,-7.87834485,-8.191718072,-8.331218952,-8.483732384,-8.529424345,-8.586709193,-8.562150376,-8.570809478,-8.468774974,-8.376517982,-8.227521536,-8.108332428,-7.937472078,-7.801476696,-7.618609246,,,,,,,,,,,,,,,,,,,,,,,,,,,,,,,,,,,,,,,,,,,,,,,,,,,,,
20,,,,,,,,,-6.456880356,-7.088956095,-7.40574961,-7.824573246,-8.043359851,-8.359556735,-8.470004067,-8.599519497,-8.594420728,-8.638556267,-8.581154527,-8.575436021,-8.392849879,-8.28298165,-8.094840216,-7.974711637,-7.772268487,-7.634288656,,,,,,,,,,,,,,,,,,,,,,,,,,,,,,,,,,,,,,,,,,,,,,,,,,,,,,
19,,,,,,,,,-6.651648407,-7.200080749,-7.518910179,-7.894244415,-8.122057577,-8.383893909,-8.472224231,-8.561903741,-8.545952268,-8.551206335,-8.461911416,-8.393163504,-8.196872076,-8.057557462,-7.859588789,-7.706080864,-7.502537243,-7.338668645,,,,,,,,,,,,,,,,,,,,,,,,,,,,,,,,,,,,,,,,,,,,,,,,,,,,,,
18,,,,,,,,-6.496168555,-6.902021625,-7.409759374,-7.70587705,-8.077218728,-8.248765271,-8.505436176,-8.537796456,-8.60769413,-8.544314991,-8.543933116,-8.363399059,-8.26335589,-8.036042959,-7.88452946,-7.659997192,-7.502878424,,,,,,,,,,,,,,,,,,,,,,,,,,,,,,,,,,,,,,,,,,,,,,,,,,,,,,,,
17,,,,,,,-5.899444788,-6.75398593,-7.117127174,-7.539772439,-7.822807771,-8.138189139,-8.284642443,-8.482111206,-8.487994607,-8.521615088,-8.422706641,-8.351031038,-8.165485564,-8.026790959,-7.790867661,-7.620045957,-7.384059207,,,,,,,,,,,,,,,,,,,,,,,,,,,,,,,,,,,,,,,,,,,,,,,,,,,,,,,,,
16,,,,,,-5.482784515,-6.209666029,-7.039518999,-7.359801685,-7.775713764,-7.981617722,-8.295691543,-8.372249647,-8.544665023,-8.505109044,-8.517124627,-8.328241876,-8.220873545,-7.988246763,-7.837656356,-7.571895561,-7.39984361,,,,,,,,,,,,,,,,,,,,,,,,,,,,,,,,,,,,,,,,,,,,,,,,,,,,,,,,,,
15,,,,,,-5.674900071,-6.381984839,-7.183842938,-7.484521482,-7.862763248,-8.028337521,-8.287127849,-8.333321995,-8.472470103,-8.377092412,-8.305299993,-8.095122186,-7.951310776,-7.699413758,-7.518631897,-7.249371627,,,,,,,,,,,,,,,,,,,,,,,,,,,,,,,,,,,,,,,,,,,,,,,,,,,,,,,,,,,
14,,,,,-4.754164293,-5.975377881,-6.627452018,-7.385370296,-7.642004237,-8.015651055,-8.12420808,-8.357361718,-8.355064778,-8.471600282,-8.274539294,-8.145822206,-7.892370755,-7.721229575,-7.437007071,-7.244790966,,,,,,,,,,,,,,,,,,,,,,,,,,,,,,,,,,,,,,,,,,,,,,,,,,,,,,,,,,,,
13,,,,,-4.960725265,-6.113192056,-6.727902585,-7.410160641,-7.645757688,-7.97765665,-8.086221914,-8.246714531,-8.17281018,-8.147330772,-7.930371076,-7.770552681,-7.501098372,-7.273178005,-6.988482516,,,,,,,,,,,,,,,,,,,,,,,,,,,,,,,,,,,,,,,,,,,,,,,,,,,,,,,,,,,,,
12,,,,,-5.284520317,-6.443783818,-6.967876368,-7.589841663,-7.760106491,-8.103236556,-8.13438156,-8.284043988,-8.043832783,-7.947303363,-7.686388185,-7.50011296,-7.179841491,-6.952199047,,,,,,,,,,,,,,,,,,,,,,,,,,,,,,,,,,,,,,,,,,,,,,,,,,,,,,,,,,,,,,
11,,,,,-5.524665768,-6.576195611,-7.058162083,-7.587762343,-7.741923589,-7.994228154,-7.938086008,-7.92345866,-7.671538862,-7.501449183,-7.218372022,-6.978919171,-6.666730866,,,,,,,,,,,,,,,,,,,,,,,,,,,,,,,,,,,,,,,,,,,,,,,,,,,,,,,,,,,,,,,
10,,,,-5.012772061,-5.895993428,-6.941548626,-7.306709379,-7.788966436,-7.801001561,-8.054955433,-7.787538531,-7.684373328,-7.355763359,-7.187259301,-6.866536414,-6.609814979,,,,,,,,,,,,,,,,,,,,,,,,,,,,,,,,,,,,,,,,,,,,,,,,,,,,,,,,,,,,,,,,
9,,,-3.711493756,-5.256169943,-6.118855945,-7.120185422,-7.394650499,-7.77264589,-7.653229482,-7.588865817,-7.31952774,-7.124916947,-6.801889213,-6.58028295,-6.266917824,,,,,,,,,,,,,,,,,,,,,,,,,,,,,,,,,,,,,,,,,,,,,,,,,,,,,,,,,,,,,,,,,
8,,-3.04233874,-4.16097709,-5.736942242,-6.514741205,-7.541535235,-7.721217129,-7.998767388,-7.563734617,-7.362746601,-6.957752341,-6.74260578,-6.361327781,-6.128959275,,,,,,,,,,,,,,,,,,,,,,,,,,,,,,,,,,,,,,,,,,,,,,,,,,,,,,,,,,,,,,,,,,
7,,-3.371573845,-4.544402914,-5.969566559,-6.650021821,-7.490968775,-7.496799845,-7.48489868,-6.983523186,-6.660244047,-6.204225955,,,,,,,,,,,,,,,,,,,,,,,,,,,,,,,,,,,,,,,,,,,,,,,,,,,,,,,,,,,,,,,,,,,,,
6,,-3.936979625,-5.05215148,-6.516088442,-6.947320882,-7.701891574,-7.25944992,-7.072486901,-6.501997903,-6.100328285,,,,,,,,,,,,,,,,,,,,,,,,,,,,,,,,,,,,,,,,,,,,,,,,,,,,,,,,,,,,,,,,,,,,,,
5,-0.966464765,-4.129464724,-5.174314306,-6.481095414,-6.493503331,-6.69540193,-6.187814224,-5.828910655,-5.182530588,,,,,,,,,,,,,,,,,,,,,,,,,,,,,,,,,,,,,,,,,,,,,,,,,,,,,,,,,,,,,,,,,,,,,,,
4,-0.550169224,-4.892008541,-5.622315523,-7.082486631,-6.27506739,-6.049398732,-5.319237126,-4.893334472,,,,,,,,,,,,,,,,,,,,,,,,,,,,,,,,,,,,,,,,,,,,,,,,,,,,,,,,,,,,,,,,,,,,,,,,
3,-1.398737004,-5.497292431,-5.347711902,-5.386974589,-4.730994518,-4.349899986,-3.563915461,,,,,,,,,,,,,,,,,,,,,,,,,,,,,,,,,,,,,,,,,,,,,,,,,,,,,,,,,,,,,,,,,,,,,,,,,
2,-2.835468937,-7.093998203,-5.280872911,-4.500409464,-3.541546265,-3.107255875,,,,,,,,,,,,,,,,,,,,,,,,,,,,,,,,,,,,,,,,,,,,,,,,,,,,,,,,,,,,,,,,,,,,,,,,,,
1,-1.115986765,-2.580615926,-1.158663468,0.153875286,,,,,,,,,,,,,,,,,,,,,,,,,,,,,,,,,,,,,,,,,,,,,,,,,,,,,,,,,,,,,,,,,,,,,,,,,,,,
